{
  "version": "7",
  "dialect": "mysql",
  "entries": [
    {
      "idx": 0,
      "version": "5",
      "when": 1764297629055,
      "tag": "0000_modern_risque",
      "breakpoints": true
    },
    {
      "idx": 1,
      "version": "5",
      "when": 1764297700213,
      "tag": "0001_soft_hex",
      "breakpoints": true
    },
    {
      "idx": 2,
      "version": "5",
      "when": 1765110086609,
      "tag": "0002_magenta_mariko_yashida",
      "breakpoints": true
    },
    {
      "idx": 3,
      "version": "5",
      "when": 1765111899409,
      "tag": "0003_loving_klaw",
      "breakpoints": true
    }
  ]
}